{
  "code": 0,
  "message": "success",
  "contact": {
    "contact_id": "126938000000034003",
    "contact_name": "KROMM GROUP",
    "company_name": "KROMM GROUP 42500",
    "contact_tax_information": "",
    "first_name": "Office DFD",
    "last_name": "Group",
    "designation": "",
    "department": "",
    "website": "",
    "is_bcy_only_contact": true,
    "is_credit_limit_migration_completed": true,
    "language_code": "en",
    "language_code_formatted": "English",
    "contact_salutation": "",
    "email": "office@dfd-group.com",
    "phone": "",
    "mobile": "",
    "invited_by": "",
    "portal_status": "disabled",
    "is_client_review_asked": false,
    "has_transaction": true,
    "contact_type": "customer",
    "customer_sub_type": "business",
    "owner_id": "",
    "owner_name": "",
    "source": "user",
    "documents": [],
    "twitter": "",
    "facebook": "",
    "is_crm_customer": false,
    "is_linked_with_zohocrm": false,
    "primary_contact_id": "126938000002932944",
    "zcrm_account_id": "",
    "zcrm_contact_id": "",
    "crm_owner_id": "",
    "payment_terms": 45,
    "payment_terms_label": "Payment conditions: Within 45 days Due net",
    "payment_terms_id": "126938000000000159",
    "credit_limit_exceeded_amount": 0.0,
    "currency_id": "126938000000000071",
    "currency_code": "EUR",
    "currency_symbol": "EUR",
    "price_precision": 2,
    "exchange_rate": "",
    "can_show_customer_ob": false,
    "can_show_vendor_ob": false,
    "opening_balance_amount": 0.0,
    "opening_balance_amount_bcy": "",
    "outstanding_ob_receivable_amount": 0.0,
    "outstanding_ob_payable_amount": 0.0,
    "outstanding_receivable_amount": 290989.15,
    "outstanding_receivable_amount_bcy": 290989.15,
    "outstanding_payable_amount": 0.0,
    "outstanding_payable_amount_bcy": 0.0,
    "unused_credits_receivable_amount": 0.0,
    "unused_credits_receivable_amount_bcy": 0.0,
    "unused_credits_payable_amount": 0.0,
    "unused_credits_payable_amount_bcy": 0.0,
    "unused_retainer_payments": 0.0,
    "status": "active",
    "payment_reminder_enabled": true,
    "is_sms_enabled": true,
    "is_consent_agreed": false,
    "consent_date": "",
    "is_client_review_settings_enabled": false,
    "custom_fields": [
      {
        "field_id": "126938000000044022",
        "customfield_id": "126938000000044022",
        "show_in_store": false,
        "show_in_portal": false,
        "is_active": true,
        "index": 1,
        "label": "TVA:",
        "show_on_pdf": false,
        "edit_on_portal": false,
        "edit_on_store": false,
        "api_name": "cf_tva",
        "show_in_all_pdf": false,
        "value_formatted": "FR 66 493 093 892",
        "search_entity": "contact",
        "data_type": "string",
        "placeholder": "cf_tva",
        "value": "FR 66 493 093 892",
        "is_dependent_field": false
      },
      {
        "field_id": "126938000000345682",
        "customfield_id": "126938000000345682",
        "show_in_store": false,
        "show_in_portal": false,
        "is_active": true,
        "index": 2,
        "label": "BG Name",
        "show_on_pdf": false,
        "edit_on_portal": false,
        "edit_on_store": false,
        "api_name": "cf_bg_description",
        "show_in_all_pdf": false,
        "value_formatted": "КРОМ ГРУП",
        "search_entity": "contact",
        "data_type": "string",
        "placeholder": "cf_bg_description",
        "value": "КРОМ ГРУП",
        "is_dependent_field": false
      },
      {
        "field_id": "126938000000345688",
        "customfield_id": "126938000000345688",
        "show_in_store": false,
        "show_in_portal": false,
        "is_active": true,
        "index": 3,
        "label": "BG Address",
        "show_on_pdf": false,
        "edit_on_portal": false,
        "edit_on_store": false,
        "api_name": "cf_bg_address",
        "show_in_all_pdf": false,
        "value_formatted": "43200 Сент Жоре, ",
        "search_entity": "contact",
        "data_type": "string",
        "placeholder": "cf_bg_address",
        "value": "43200 Сент Жоре, ",
        "is_dependent_field": false
      },
      {
        "field_id": "126938000000345692",
        "customfield_id": "126938000000345692",
        "show_in_store": false,
        "show_in_portal": false,
        "is_active": true,
        "index": 4,
        "label": "BG Country",
        "show_on_pdf": false,
        "edit_on_portal": false,
        "edit_on_store": false,
        "api_name": "cf_bg_country",
        "show_in_all_pdf": false,
        "value_formatted": "Франция",
        "search_entity": "contact",
        "data_type": "string",
        "placeholder": "cf_bg_country",
        "value": "Франция",
        "is_dependent_field": false
      },
      {
        "field_id": "126938000000346200",
        "customfield_id": "126938000000346200",
        "show_in_store": false,
        "show_in_portal": false,
        "is_active": true,
        "index": 5,
        "label": "Tax%",
        "show_on_pdf": false,
        "edit_on_portal": false,
        "edit_on_store": false,
        "api_name": "cf_tax",
        "show_in_all_pdf": false,
        "value_formatted": "ДДС: (0%)",
        "search_entity": "contact",
        "data_type": "string",
        "placeholder": "cf_tax",
        "value": "ДДС: (0%)",
        "is_dependent_field": false
      },
      {
        "field_id": "126938000000349172",
        "customfield_id": "126938000000349172",
        "show_in_store": false,
        "show_in_portal": false,
        "is_active": true,
        "index": 6,
        "label": "DFD Bank",
        "show_on_pdf": false,
        "edit_on_portal": false,
        "edit_on_store": false,
        "api_name": "cf_bank",
        "show_in_all_pdf": false,
        "value_formatted": "IBAN: BG 58 STSA 9300 0028 5769 92 \nBIC: STSABGSF\nBank: DSK Bank",
        "search_entity": "contact",
        "is_rich_text_supported": false,
        "data_type": "multiline",
        "placeholder": "cf_bank",
        "value": "IBAN: BG 58 STSA 9300 0028 5769 92 \nBIC: STSABGSF\nBank: DSK Bank",
        "is_dependent_field": false
      },
      {
        "field_id": "126938000002974040",
        "customfield_id": "126938000002974040",
        "show_in_store": false,
        "show_in_portal": false,
        "is_active": true,
        "index": 7,
        "label": "DFD BG Bank",
        "show_on_pdf": false,
        "edit_on_portal": false,
        "edit_on_store": false,
        "api_name": "cf_dfd_bg_bank",
        "show_in_all_pdf": false,
        "value_formatted": "Банка: ДСК\nBIC: STSABGSF\nIBAN: BG 58 STSA 9300 0028 5769 92",
        "search_entity": "contact",
        "is_rich_text_supported": false,
        "data_type": "multiline",
        "placeholder": "cf_dfd_bg_bank",
        "value": "Банка: ДСК\nBIC: STSABGSF\nIBAN: BG 58 STSA 9300 0028 5769 92",
        "is_dependent_field": false
      },
      {
        "field_id": "126938000000349205",
        "customfield_id": "126938000000349205",
        "show_in_store": false,
        "show_in_portal": false,
        "is_active": true,
        "index": 8,
        "label": "DDS Reason 1",
        "show_on_pdf": false,
        "edit_on_portal": false,
        "edit_on_store": false,
        "api_name": "cf_reason1",
        "show_in_all_pdf": false,
        "value_formatted": "|x| нулева ставка чл. 53,ал 1от ЗДДС",
        "search_entity": "contact",
        "data_type": "string",
        "placeholder": "cf_reason1",
        "value": "|x| нулева ставка чл. 53,ал 1от ЗДДС",
        "is_dependent_field": false
      },
      {
        "field_id": "126938000000349209",
        "customfield_id": "126938000000349209",
        "show_in_store": false,
        "show_in_portal": false,
        "is_active": true,
        "index": 9,
        "label": "DDS Reason 2",
        "show_on_pdf": false,
        "edit_on_portal": false,
        "edit_on_store": false,
        "api_name": "cf_reason2",
        "show_in_all_pdf": false,
        "value_formatted": "| | неначисляване на ДДС",
        "search_entity": "contact",
        "data_type": "string",
        "placeholder": "cf_reason2",
        "value": "| | неначисляване на ДДС",
        "is_dependent_field": false
      }
    ],
    "cf_tva": "FR 66 493 093 892",
    "cf_tva_unformatted": "FR 66 493 093 892",
    "cf_bg_description": "КРОМ ГРУП",
    "cf_bg_description_unformatted": "КРОМ ГРУП",
    "cf_bg_address": "43200 Сент Жоре, ",
    "cf_bg_address_unformatted": "43200 Сент Жоре, ",
    "cf_bg_country": "Франция",
    "cf_bg_country_unformatted": "Франция",
    "cf_tax": "ДДС: (0%)",
    "cf_tax_unformatted": "ДДС: (0%)",
    "cf_bank": "IBAN: BG 58 STSA 9300 0028 5769 92 \nBIC: STSABGSF\nBank: DSK Bank",
    "cf_bank_unformatted": "IBAN: BG 58 STSA 9300 0028 5769 92 \nBIC: STSABGSF\nBank: DSK Bank",
    "cf_dfd_bg_bank": "Банка: ДСК\nBIC: STSABGSF\nIBAN: BG 58 STSA 9300 0028 5769 92",
    "cf_dfd_bg_bank_unformatted": "Банка: ДСК\nBIC: STSABGSF\nIBAN: BG 58 STSA 9300 0028 5769 92",
    "cf_reason1": "|x| нулева ставка чл. 53,ал 1от ЗДДС",
    "cf_reason1_unformatted": "|x| нулева ставка чл. 53,ал 1от ЗДДС",
    "cf_reason2": "| | неначисляване на ДДС",
    "cf_reason2_unformatted": "| | неначисляване на ДДС",
    "custom_field_hash": {
      "cf_tva": "FR 66 493 093 892",
      "cf_tva_unformatted": "FR 66 493 093 892",
      "cf_bg_description": "КРОМ ГРУП",
      "cf_bg_description_unformatted": "КРОМ ГРУП",
      "cf_bg_address": "43200 Сент Жоре, ",
      "cf_bg_address_unformatted": "43200 Сент Жоре, ",
      "cf_bg_country": "Франция",
      "cf_bg_country_unformatted": "Франция",
      "cf_tax": "ДДС: (0%)",
      "cf_tax_unformatted": "ДДС: (0%)",
      "cf_bank": "IBAN: BG 58 STSA 9300 0028 5769 92 \nBIC: STSABGSF\nBank: DSK Bank",
      "cf_bank_unformatted": "IBAN: BG 58 STSA 9300 0028 5769 92 \nBIC: STSABGSF\nBank: DSK Bank",
      "cf_dfd_bg_bank": "Банка: ДСК\nBIC: STSABGSF\nIBAN: BG 58 STSA 9300 0028 5769 92",
      "cf_dfd_bg_bank_unformatted": "Банка: ДСК\nBIC: STSABGSF\nIBAN: BG 58 STSA 9300 0028 5769 92",
      "cf_reason1": "|x| нулева ставка чл. 53,ал 1от ЗДДС",
      "cf_reason1_unformatted": "|x| нулева ставка чл. 53,ал 1от ЗДДС",
      "cf_reason2": "| | неначисляване на ДДС",
      "cf_reason2_unformatted": "| | неначисляване на ДДС"
    },
    "tax_id": "",
    "tax_name": "",
    "tax_percentage": "",
    "tax_reg_label": "",
    "tax_treatment": "",
    "tax_reg_no": "",
    "contact_category": "",
    "sales_channel": "direct_sales",
    "ach_supported": false,
    "portal_receipt_count": 0,
    "opening_balances": [],
    "entity_address_id": "126938000003285724",
    "billing_address": {
      "address_id": "126938000000034005",
      "attention": "KRÖMM GROUP",
      "address": "ZA La Bourlaratte",
      "street2": "",
      "city": "43200, ST JEURES",
      "state_code": "",
      "state": "",
      "zip": "",
      "country": "France",
      "county": "",
      "country_code": "FR",
      "phone": "",
      "fax": ""
    },
    "shipping_address": {
      "address_id": "126938000000034007",
      "attention": "KRÖMM GROUP",
      "address": "Allée de St Exupéry - ZA du Bec",
      "street2": "",
      "city": "42500, LE CHAMBON FEUGEROLLES",
      "state_code": "",
      "state": "",
      "zip": "",
      "country": "France",
      "county": "",
      "country_code": "FR",
      "phone": "",
      "fax": "",
      "latitude": "",
      "longitude": ""
    },
    "contact_persons": [
      {
        "contact_person_id": "126938000001358126",
        "salutation": "",
        "first_name": "",
        "last_name": "",
        "email": "support@dfd-group.com",
        "phone": "",
        "mobile": "",
        "mobile_country_code": "",
        "mobile_code_formatted": "",
        "department": "",
        "designation": "",
        "skype": "",
        "fax": "",
        "zcrm_contact_id": "",
        "is_portal_mfa_enabled": false,
        "is_added_in_portal": false,
        "can_invite": true,
        "is_primary_contact": false,
        "is_portal_invitation_accepted": false,
        "is_sms_enabled_for_cp": false,
        "photo_url": "https://secure.gravatar.com/avatar/00e320580dbfe1cd87c1a0a61a082ed5?&d=mm",
        "communication_preference": {
          "is_email_enabled": true
        }
      },
      {
        "contact_person_id": "126938000002932944",
        "salutation": "",
        "first_name": "Office DFD",
        "last_name": "Group",
        "email": "office@dfd-group.com",
        "phone": "",
        "mobile": "",
        "mobile_country_code": "",
        "mobile_code_formatted": "",
        "department": "",
        "designation": "",
        "skype": "",
        "fax": "",
        "zcrm_contact_id": "",
        "is_portal_mfa_enabled": false,
        "is_added_in_portal": false,
        "can_invite": true,
        "is_primary_contact": true,
        "is_portal_invitation_accepted": false,
        "is_sms_enabled_for_cp": false,
        "photo_url": "https://secure.gravatar.com/avatar/d8f78173a8f46dd7f87a12a36a9b32e8?&d=mm",
        "communication_preference": {
          "is_email_enabled": true
        }
      },
      {
        "contact_person_id": "126938000003576269",
        "salutation": "",
        "first_name": "Stuart",
        "last_name": "White",
        "email": "stuart.white@kromm.fr",
        "phone": "",
        "mobile": "",
        "mobile_country_code": "",
        "mobile_code_formatted": "",
        "department": "Invoice Main",
        "designation": "",
        "skype": "",
        "fax": "",
        "zcrm_contact_id": "",
        "is_portal_mfa_enabled": false,
        "is_added_in_portal": false,
        "can_invite": true,
        "is_primary_contact": false,
        "is_portal_invitation_accepted": false,
        "is_sms_enabled_for_cp": false,
        "photo_url": "https://secure.gravatar.com/avatar/5366aa70a0c35133c3a485211411db26?&d=mm",
        "communication_preference": {
          "is_email_enabled": true
        }
      }
    ],
    "addresses": [
      {
        "address_id": "126938000000049875",
        "attention": "KRÖMM GROUP",
        "address": "35 Rue Henri Besquerel",
        "street2": "",
        "city": "77500 CHELLES",
        "state": "",
        "state_code": "",
        "zip": "",
        "country": "France",
        "country_code": "FR",
        "phone": "",
        "fax": ""
      },
      {
        "address_id": "126938000000100231",
        "attention": "OBOUSSIER TP",
        "address": "OBOUSSIER TP\nQuartier les Blancs\n26320 SAINT MARCEL \nLES VALENCE\nFrance",
        "street2": "",
        "city": "",
        "state": "",
        "state_code": "",
        "zip": "",
        "country": "",
        "country_code": "",
        "phone": "",
        "fax": ""
      },
      {
        "address_id": "126938000000211001",
        "attention": "RESEAUX ENVIRONNEMENT",
        "address": "RESEAUX ENVIRONNEMENT\nZA Les Sapins\n76110, BREAUTE\nFRANCE",
        "street2": "",
        "city": "",
        "state": "",
        "state_code": "",
        "zip": "",
        "country": "",
        "country_code": "",
        "phone": "",
        "fax": ""
      },
      {
        "address_id": "126938000000211039",
        "attention": "",
        "address": "---\nRESEAUX ENVIRONNEMENT\nZA Les Sapins\n76110, BREAUTE\nFRANCE",
        "street2": "",
        "city": "",
        "state": "",
        "state_code": "",
        "zip": "",
        "country": "",
        "country_code": "",
        "phone": "",
        "fax": ""
      },
      {
        "address_id": "126938000000228147",
        "attention": "",
        "address": "Kromm Group - 77500\nEIFFAGE ROUTE - MONDEVILLE - 14120",
        "street2": "",
        "city": "",
        "state": "",
        "state_code": "",
        "zip": "",
        "country": "",
        "country_code": "",
        "phone": "",
        "fax": ""
      },
      {
        "address_id": "126938000000243141",
        "attention": "",
        "address": "Eiffage Route - Mondeville, \nMehdi EL ABED\n7 Rue de Newton\n14120 Mondeville \nFrance",
        "street2": "",
        "city": "",
        "state": "",
        "state_code": "",
        "zip": "",
        "country": "",
        "country_code": "",
        "phone": "",
        "fax": ""
      },
      {
        "address_id": "126938000000245400",
        "attention": "",
        "address": "36130",
        "street2": "",
        "city": "",
        "state": "",
        "state_code": "",
        "zip": "",
        "country": "",
        "country_code": "",
        "phone": "",
        "fax": ""
      },
      {
        "address_id": "126938000000249628",
        "attention": "",
        "address": "dep,",
        "street2": "",
        "city": "",
        "state": "",
        "state_code": "",
        "zip": "",
        "country": "",
        "country_code": "",
        "phone": "",
        "fax": ""
      },
      {
        "address_id": "126938000000265189",
        "attention": "Kromm Group - client in dep. 95500",
        "address": "112 QUAI DE BEZONS\nARGENTEUIL 95500",
        "street2": "",
        "city": "",
        "state": "France",
        "state_code": "",
        "zip": "",
        "country": "",
        "country_code": "",
        "phone": "",
        "fax": ""
      },
      {
        "address_id": "126938000000265338",
        "attention": "",
        "address": "338 RUE CAMILLE DESMOULINS\nVILLEFRANCHE SUR SOANE 69400",
        "street2": "",
        "city": "",
        "state": "FRANCE",
        "state_code": "",
        "zip": "",
        "country": "",
        "country_code": "",
        "phone": "",
        "fax": ""
      },
      {
        "address_id": "126938000000269539",
        "attention": "",
        "address": "GUINTOLI GRANDS PROJETS MULTIMETIERS\nGUINTOLI base vie A57\nrue Henri Matisse\nTOULON 83100",
        "street2": "",
        "city": "",
        "state": "France",
        "state_code": "",
        "zip": "",
        "country": "",
        "country_code": "",
        "phone": "",
        "fax": ""
      },
      {
        "address_id": "126938000000274193",
        "attention": "",
        "address": "SETEC DIORS\nZone Industrielle La Martinerie\nDiors 36130\nFrance",
        "street2": "",
        "city": "",
        "state": "",
        "state_code": "",
        "zip": "",
        "country": "",
        "country_code": "",
        "phone": "",
        "fax": ""
      },
      {
        "address_id": "126938000000308195",
        "attention": "",
        "address": "dep. 77500\ndep. 86060\ndep. 79260",
        "street2": "",
        "city": "",
        "state": "",
        "state_code": "",
        "zip": "",
        "country": "",
        "country_code": "",
        "phone": "",
        "fax": ""
      },
      {
        "address_id": "126938000000309593",
        "attention": "",
        "address": "dep. 21000\ndep. 77500\ndep. 29290",
        "street2": "",
        "city": "",
        "state": "",
        "state_code": "",
        "zip": "",
        "country": "",
        "country_code": "",
        "phone": "",
        "fax": ""
      },
      {
        "address_id": "126938000000320157",
        "attention": "EIFFAGE ENERGIE",
        "address": "RUE DU GRAND FIEF \n79300 LA CHAPELLE GAUDIN\nFrance",
        "street2": "",
        "city": "",
        "state": "",
        "state_code": "",
        "zip": "",
        "country": "",
        "country_code": "",
        "phone": "",
        "fax": ""
      },
      {
        "address_id": "126938000000320221",
        "attention": "EIFFAGE ENERGIE POITOU CHARENTES",
        "address": "3 Rue Du Fief De Baussais\n79260 Francois\nFrance",
        "street2": "",
        "city": "",
        "state": "",
        "state_code": "",
        "zip": "",
        "country": "",
        "country_code": "",
        "phone": "",
        "fax": ""
      },
      {
        "address_id": "126938000000330017",
        "attention": "",
        "address": "SNCTP, Agence DIJON\n10 rue Docteur Quignard\n21000 DIJON\nFrance",
        "street2": "",
        "city": "",
        "state": "",
        "state_code": "",
        "zip": "",
        "country": "",
        "country_code": "",
        "phone": "",
        "fax": ""
      },
      {
        "address_id": "126938000000330069",
        "attention": "",
        "address": "KERLEROUX\n20 Keroudy\nMilizac 29290",
        "street2": "",
        "city": "",
        "state": "",
        "state_code": "",
        "zip": "",
        "country": "",
        "country_code": "",
        "phone": "",
        "fax": ""
      },
      {
        "address_id": "126938000000339118",
        "attention": "",
        "address": "CHANTIER TREMA TP\nBOULEVARD DE LA CORNICHE\n42700 FIRMINY \nFRANCE",
        "street2": "",
        "city": "",
        "state": "",
        "state_code": "",
        "zip": "",
        "country": "",
        "country_code": "",
        "phone": "",
        "fax": ""
      },
      {
        "address_id": "126938000000339132",
        "attention": "",
        "address": "dep. 42500\ndep. 42700",
        "street2": "",
        "city": "",
        "state": "",
        "state_code": "",
        "zip": "",
        "country": "",
        "country_code": "",
        "phone": "",
        "fax": ""
      },
      {
        "address_id": "126938000000349118",
        "attention": "",
        "address": "1. SOGEA PROVENCE VITROLLES\nChantier TRAM Rue Allard\n13004 Marseille\nFrance\n\n2. KRÖMM GROUP\nAllée de St Exupéry - ZA du Bec\n42500, LE CHAMBON FEUGEROLLES,\nFrance",
        "street2": "",
        "city": "",
        "state": "",
        "state_code": "",
        "zip": "",
        "country": "",
        "country_code": "",
        "phone": "",
        "fax": ""
      },
      {
        "address_id": "126938000000354181",
        "attention": "",
        "address": "SOGEA PROVENCE VITROLLES \nChantier TRAM Rue Allard \n13004 Marseille\nFrance\n---",
        "street2": "",
        "city": "",
        "state": "",
        "state_code": "",
        "zip": "",
        "country": "",
        "country_code": "",
        "phone": "",
        "fax": ""
      },
      {
        "address_id": "126938000000359516",
        "attention": "",
        "address": "1. KRÖMM GROUP \nAllée de St Exupéry - ZA du Bec \n42500, Le Chambon Feugerolles\nFrance\n---\n2. CHANTIER TREMA TP\nBOULEVARD DE LA CORNICHE\nFIRMINY 42700, France",
        "street2": "",
        "city": "",
        "state": "",
        "state_code": "",
        "zip": "",
        "country": "",
        "country_code": "",
        "phone": "",
        "fax": ""
      },
      {
        "address_id": "126938000000366041",
        "attention": "EUROVIA CENTRE",
        "address": "LOIRE BOURGES LES GRANDS USAGES \n\"Le Soubeau\" \n18570 LE SUBDRAY \nFrance",
        "street2": "",
        "city": "",
        "state": "",
        "state_code": "",
        "zip": "",
        "country": "",
        "country_code": "",
        "phone": "",
        "fax": ""
      },
      {
        "address_id": "126938000000389308",
        "attention": "",
        "address": "KRÖMM GROUP\n35 Rue Henri Besquerel\n77500 CHELLES\nFrance",
        "street2": "ZI Sud Rue des Carrières\n77270 VILLEPARISIS\nFrance",
        "city": "",
        "state": "",
        "state_code": "",
        "zip": "",
        "country": "",
        "country_code": "",
        "phone": "",
        "fax": ""
      },
      {
        "address_id": "126938000000389689",
        "attention": "",
        "address": "42500 LE CHAMBON FEUGEROLLES\n--\nCOIRO\n42 Chemin de Revaison\n69800 ST PRIEST\nFrance",
        "street2": "",
        "city": "",
        "state": "",
        "state_code": "",
        "zip": "",
        "country": "",
        "country_code": "",
        "phone": "",
        "fax": ""
      },
      {
        "address_id": "126938000000431175",
        "attention": "",
        "address": "1 адрес 2 адрес\ndep. 83, France KRÖMM GROUP\n(допълнително ще изпратя точния адрес) Allée de St Exupéry - ZA du Bec\n 42500, LE CHAMBON FEUGEROLLES\n France",
        "street2": "",
        "city": "",
        "state": "",
        "state_code": "",
        "zip": "",
        "country": "",
        "country_code": "",
        "phone": "",
        "fax": ""
      },
      {
        "address_id": "126938000000431207",
        "attention": "",
        "address": "1 адрес \nкод 83, Франция (допълнително ще изпратя точния адрес)\n\n2 адрес\nKRÖMM GROUP\nAllée de St Exupéry - ZA du Bec \n42500, LE CHAMBON FEUGEROLLES \nFrance",
        "street2": "",
        "city": "",
        "state": "",
        "state_code": "",
        "zip": "",
        "country": "",
        "country_code": "",
        "phone": "",
        "fax": ""
      },
      {
        "address_id": "126938000000431221",
        "attention": "",
        "address": "1 адрес \nкод 83, Франция (допълнително ще изпратя точния адрес)\n--\n2 адрес\nKRÖMM GROUP\nAllée de St Exupéry - ZA du Bec \n42500, LE CHAMBON FEUGEROLLES \nFrance",
        "street2": "",
        "city": "",
        "state": "",
        "state_code": "",
        "zip": "",
        "country": "",
        "country_code": "",
        "phone": "",
        "fax": ""
      },
      {
        "address_id": "126938000000431235",
        "attention": "",
        "address": "1 адрес \nкод 83, Франция (допълнително ще изпратя точния адрес)\n---- \n2 адрес\nKRÖMM GROUP\nAllée de St Exupéry - ZA du Bec \n42500, LE CHAMBON FEUGEROLLES \nFrance",
        "street2": "",
        "city": "",
        "state": "",
        "state_code": "",
        "zip": "",
        "country": "",
        "country_code": "",
        "phone": "",
        "fax": ""
      },
      {
        "address_id": "126938000000431249",
        "attention": "",
        "address": "1 адрес \nкод 83, Франция (допълнително ще изпратя точния адрес)\n-------\n2 адрес\nKRÖMM GROUP\nAllée de St Exupéry - ZA du Bec \n42500, LE CHAMBON FEUGEROLLES \nFrance",
        "street2": "",
        "city": "",
        "state": "",
        "state_code": "",
        "zip": "",
        "country": "",
        "country_code": "",
        "phone": "",
        "fax": ""
      },
      {
        "address_id": "126938000000431263",
        "attention": "",
        "address": "1 адрес \nкод 83, Франция (допълнително ще изпратя точния адрес)\n--------- \n2 адрес\nKRÖMM GROUP\nAllée de St Exupéry - ZA du Bec \n42500, LE CHAMBON FEUGEROLLES \nFrance",
        "street2": "",
        "city": "",
        "state": "",
        "state_code": "",
        "zip": "",
        "country": "",
        "country_code": "",
        "phone": "",
        "fax": ""
      },
      {
        "address_id": "126938000000435773",
        "attention": "",
        "address": "1 адрес\nGUINTOLI GRANDS PROJETS MULTIMETIERS, Christophe, JUNCA\nGUINTOLI base vie A57\nrue Henri Matisse\n83100 TOULON\n----------------------------------\n2ри адрес - \nKRÖMM GROUP\nAllée de St Exupéry - ZA du Bec \n42500, LE CHAMBON FEUGEROLLES \nFrance",
        "street2": "",
        "city": "",
        "state": "",
        "state_code": "",
        "zip": "",
        "country": "",
        "country_code": "",
        "phone": "",
        "fax": ""
      },
      {
        "address_id": "126938000000435873",
        "attention": "GUINTOLI GRANDS PROJETS MULTIMETIERS, Christophe JUNCA",
        "address": "GUINTOLI base vie A57\nrue Henri Matisse\n83100 TOULON\nFrance",
        "street2": "",
        "city": "",
        "state": "",
        "state_code": "",
        "zip": "",
        "country": "",
        "country_code": "",
        "phone": "",
        "fax": ""
      },
      {
        "address_id": "126938000000436751",
        "attention": "",
        "address": "1st delivery\nGUINTOLI GRANDS PROJETS MULTIMETIERS, Christophe, JUNCA\nGUINTOLI base vie A57\nrue Henri Matisse\n83100 TOULON\n----------------------------------\n2nd delivery\nKRÖMM GROUP\nAllée de St Exupéry - ZA du Bec \n42500, LE CHAMBON FEUGEROLLES \nFrance",
        "street2": "",
        "city": "",
        "state": "",
        "state_code": "",
        "zip": "",
        "country": "",
        "country_code": "",
        "phone": "",
        "fax": ""
      },
      {
        "address_id": "126938000000459086",
        "attention": "RAZEL BEC VITROLLES",
        "address": "ZI des Estroublancs, \n1 Rue de Lisbonne, \n13127 VITROLLES, \nFrance",
        "street2": "",
        "city": "",
        "state": "",
        "state_code": "",
        "zip": "",
        "country": "",
        "country_code": "",
        "phone": "",
        "fax": ""
      },
      {
        "address_id": "126938000000472322",
        "attention": "",
        "address": "dep. 77400\ndep. 76110\ndep. 14100",
        "street2": "",
        "city": "",
        "state": "",
        "state_code": "",
        "zip": "",
        "country": "",
        "country_code": "",
        "phone": "",
        "fax": ""
      },
      {
        "address_id": "126938000000472344",
        "attention": "",
        "address": "dep. 95200\ndep. 94438",
        "street2": "",
        "city": "",
        "state": "",
        "state_code": "",
        "zip": "",
        "country": "",
        "country_code": "",
        "phone": "",
        "fax": ""
      },
      {
        "address_id": "126938000000472374",
        "attention": "SPAC CHATEAULIN,",
        "address": "KOLJANIN Nicolas\nZI de Stang Ar Garront\n29150 CHATEAULIN\nFrance",
        "street2": "",
        "city": "",
        "state": "",
        "state_code": "",
        "zip": "",
        "country": "",
        "country_code": "",
        "phone": "",
        "fax": ""
      },
      {
        "address_id": "126938000000478096",
        "attention": "",
        "address": "dep. 42500\ndep. 69610",
        "street2": "",
        "city": "",
        "state": "",
        "state_code": "",
        "zip": "",
        "country": "",
        "country_code": "",
        "phone": "",
        "fax": ""
      },
      {
        "address_id": "126938000000484132",
        "attention": "RESEAUX ENVIRONNEMENT, AGENCE RESEAUX",
        "address": "ENVIRONNEMENT BREAUTE\nRE - BREAUTE\n954 Route des Sapins\nBREAUTE 76110, France",
        "street2": "",
        "city": "",
        "state": "",
        "state_code": "",
        "zip": "",
        "country": "",
        "country_code": "",
        "phone": "",
        "fax": ""
      },
      {
        "address_id": "126938000000484164",
        "attention": "",
        "address": "RESEAUX ENVIRONNEMENT, AGENCE RESEAUX\nENVIRONNEMENT BREAUTE\nRE - BREAUTE\n954 Route des Sapins\nBREAUTE 76110, France",
        "street2": "",
        "city": "",
        "state": "",
        "state_code": "",
        "zip": "",
        "country": "",
        "country_code": "",
        "phone": "",
        "fax": ""
      },
      {
        "address_id": "126938000000484196",
        "attention": "",
        "address": "RESEAUX ENVIRONNEMENT, CHANTIER RESEAUX\nENVIRONNEMENT SAINT MARTIN DE LIEUE\nRE - SAINT MARTIN\n83, rue du lieu doré - Rue de l'Europe\nSAINT MARTIN DE LA LIEUE 14100, France",
        "street2": "",
        "city": "",
        "state": "",
        "state_code": "",
        "zip": "",
        "country": "",
        "country_code": "",
        "phone": "",
        "fax": ""
      },
      {
        "address_id": "126938000000491193",
        "attention": "",
        "address": "Първи адрес: KRÖMM GROUP, \n35 Rue Henri Besquerel, \n77500 CHELLES, \nFrance\n----------------- Втори адрес: SPAC CHATEAULIN,\nKOLJANIN Nicolas,\nZI de Stang Ar Garront,\n29150 CHATEAULIN,\nFrance",
        "street2": "",
        "city": "",
        "state": "",
        "state_code": "",
        "zip": "",
        "country": "",
        "country_code": "",
        "phone": "",
        "fax": ""
      },
      {
        "address_id": "126938000000495089",
        "attention": "",
        "address": "MAIRIE DE ST GENIS L'ARGENTIERE, \nGilbert Mosnier\n1 Place de la Mairie\n69610 ST GENIS L'ARGENTIERE\nFrance",
        "street2": "",
        "city": "",
        "state": "",
        "state_code": "",
        "zip": "",
        "country": "",
        "country_code": "",
        "phone": "",
        "fax": ""
      },
      {
        "address_id": "126938000000496111",
        "attention": "",
        "address": "BIR SARCELLES, AGENCE BIR SARCELLES\n2 bis Avenue de L'Escouvrier\nSARCELLES 95200\nFRANCE",
        "street2": "",
        "city": "",
        "state": "",
        "state_code": "",
        "zip": "",
        "country": "",
        "country_code": "",
        "phone": "",
        "fax": ""
      },
      {
        "address_id": "126938000000496147",
        "attention": "",
        "address": "BIR CHENNEVIERES, AGENCE BIR\n38 Rue Gay Lussac\n94438 CHENNEVIERES-SUR-MARNE\nFrance",
        "street2": "",
        "city": "",
        "state": "",
        "state_code": "",
        "zip": "",
        "country": "",
        "country_code": "",
        "phone": "",
        "fax": ""
      },
      {
        "address_id": "126938000000503054",
        "attention": "",
        "address": "",
        "street2": "dep. 77500 - KRÖMM GROUP\ndep. 29150 - SPAC CHATEAULIN",
        "city": "",
        "state": "",
        "state_code": "",
        "zip": "",
        "country": "",
        "country_code": "",
        "phone": "",
        "fax": ""
      },
      {
        "address_id": "126938000000593001",
        "attention": "",
        "address": "KRÖMM GROUP",
        "street2": "",
        "city": "",
        "state": "",
        "state_code": "",
        "zip": "",
        "country": "",
        "country_code": "",
        "phone": "",
        "fax": ""
      },
      {
        "address_id": "126938000000788185",
        "attention": "",
        "address": "KRÖMM GROUP\n35 Rue Henri Besquerel\n77500 CHELLES\nFrance\n---\nBIR CHENNEVIERES, AGENCE BIR\n38 Rue Gay Lussac\n94438 CHENNEVIERES-SUR-MARNE\nFrance",
        "street2": "",
        "city": "",
        "state": "",
        "state_code": "",
        "zip": "",
        "country": "",
        "country_code": "",
        "phone": "",
        "fax": ""
      },
      {
        "address_id": "126938000000999035",
        "attention": "KRÖMM GROUP",
        "address": "CHANTIER PLOUZANE, \nCHANTIER SPAC, \nTECHNOPOLE BREST IROISE, \nPLOUZANE 29280, \nFRANCE",
        "street2": "",
        "city": "",
        "state": "",
        "state_code": "",
        "zip": "",
        "country": "",
        "country_code": "",
        "phone": "",
        "fax": ""
      },
      {
        "address_id": "126938000001087261",
        "attention": "",
        "address": "3 trucks - delivey to dep. 42500\n2 truck- delivery to dep. 77500",
        "street2": "",
        "city": "",
        "state": "",
        "state_code": "",
        "zip": "",
        "country": "",
        "country_code": "",
        "phone": "",
        "fax": ""
      },
      {
        "address_id": "126938000001259021",
        "attention": "",
        "address": "Allée de St Exupéry - ZA du Bec\n42500, LE CHAMBON FEUGEROLLES,\nFrance",
        "street2": "",
        "city": "",
        "state": "",
        "state_code": "",
        "zip": "",
        "country": "",
        "country_code": "",
        "phone": "",
        "fax": ""
      },
      {
        "address_id": "126938000001478001",
        "attention": "",
        "address": "KRÖMM GROUP\n35 Rue Henri Besquerel\n77500 CHELLES\nFrance",
        "street2": "----\nMARRON TP LAON, AGENCE MARRON T.P. LAON\n65 RUE DE MANOISE\nLAON 02000",
        "city": "",
        "state": "",
        "state_code": "",
        "zip": "",
        "country": "",
        "country_code": "",
        "phone": "",
        "fax": ""
      },
      {
        "address_id": "126938000001478071",
        "attention": "",
        "address": "MARRON TP LAON, AGENCE MARRON T.P. LAON\n65 RUE DE MANOISE\nLAON 02000,\nFRANCE",
        "street2": "",
        "city": "",
        "state": "",
        "state_code": "",
        "zip": "",
        "country": "",
        "country_code": "",
        "phone": "",
        "fax": ""
      },
      {
        "address_id": "126938000001513109",
        "attention": "",
        "address": "SETEC DIORS, Sébastien VACHAUD\nZone Industrielle La Martinerie",
        "street2": "",
        "city": "36130 Diors",
        "state": "",
        "state_code": "",
        "zip": "36130 ",
        "country": "France",
        "country_code": "FR",
        "phone": "",
        "fax": ""
      },
      {
        "address_id": "126938000001516745",
        "attention": "",
        "address": "KRÖMM \nZA du bec, Allée Saint Exupery\n42500 Le Chambon-Feugerolles\nFrance\n----",
        "street2": "SETEC DIORS, Sébastien VACHAUD\nZone Industrielle La Martinerie\n36130 Diors,\nFrance",
        "city": "",
        "state": "",
        "state_code": "",
        "zip": "",
        "country": "",
        "country_code": "",
        "phone": "",
        "fax": ""
      },
      {
        "address_id": "126938000001804779",
        "attention": "",
        "address": "KRÖMM GROUP\n35 Rue Henri Besquerel\n77500 CHELLES\nFrance\n--",
        "street2": "COLAS FRANCE ETABLISSEMENT NANTES SUD, Jean-\nBaptiste DOUSSET\n26 rue du Général Leclerc\n44400 REZE",
        "city": "",
        "state": "",
        "state_code": "",
        "zip": "",
        "country": "",
        "country_code": "",
        "phone": "",
        "fax": ""
      },
      {
        "address_id": "126938000001804834",
        "attention": "COLAS FRANCE ETABLISSEMENT NANTES SUD",
        "address": "Jean-Baptiste DOUSSET\n26 rue du Général Leclerc\n44400 REZE\nFrance",
        "street2": "",
        "city": "",
        "state": "",
        "state_code": "",
        "zip": "",
        "country": "",
        "country_code": "",
        "phone": "",
        "fax": ""
      },
      {
        "address_id": "126938000001876109",
        "attention": "",
        "address": "1st delivery - KRÖMM GROUP,\n35 Rue Henri Besquerel,\n77500 CHELLES,\nFrance",
        "street2": "2nd delivery - SITE LOGISTIQUE JOP,\nRoute Stratégique,\n93410 VAUJOURS,\nFrance",
        "city": "",
        "state": "",
        "state_code": "",
        "zip": "",
        "country": "",
        "country_code": "",
        "phone": "",
        "fax": ""
      },
      {
        "address_id": "126938000001885521",
        "attention": "",
        "address": "SITE LOGISTIQUE JOP,\nRoute Stratégique,\n93410 VAUJOURS,\nFrance",
        "street2": "",
        "city": "",
        "state": "",
        "state_code": "",
        "zip": "",
        "country": "",
        "country_code": "",
        "phone": "",
        "fax": ""
      },
      {
        "address_id": "126938000001883242",
        "attention": "",
        "address": "1ви адрес - KRÖMM GROUP,\n35 Rue Henri Besquerel,\n77500 CHELLES,\nFrance",
        "street2": "2ри адрес - KILOUTOU SIGNALISATION GENICOURT, 35 rue des Fossettes, 95650 GENICOURT, France",
        "city": "",
        "state": "",
        "state_code": "",
        "zip": "",
        "country": "",
        "country_code": "",
        "phone": "",
        "fax": ""
      },
      {
        "address_id": "126938000002070222",
        "attention": "GCM TP, Chantier 67",
        "address": "Chantier 67\nPetite rue de l'industrie\n67118 Geispolsheim",
        "street2": "",
        "city": "",
        "state": "",
        "state_code": "",
        "zip": "",
        "country": "France",
        "country_code": "FR",
        "phone": "",
        "fax": ""
      },
      {
        "address_id": "126938000002222042",
        "attention": "EUROVIA CHAMPAGNE ARDENNE _ REIMS",
        "address": "Parc Industriel\nRue de la Pompelle\n51100 REIMS",
        "street2": "",
        "city": "",
        "state": "",
        "state_code": "",
        "zip": "",
        "country": "France",
        "country_code": "FR",
        "phone": "",
        "fax": ""
      },
      {
        "address_id": "126938000002221043",
        "attention": "EIFFAGE ROUTE NE CHAMPAGNE",
        "address": "Claire LAUNOY\nBU00502\n12, Avenue André Margot\n51100 Reims",
        "street2": "",
        "city": "",
        "state": "",
        "state_code": "",
        "zip": "",
        "country": "France",
        "country_code": "FR",
        "phone": "",
        "fax": ""
      },
      {
        "address_id": "126938000002221049",
        "attention": "",
        "address": "EIFFAGE ROUTE NE CHAMPAGNE\nClaire LAUNOY\nBU00502\n12, Avenue André Margot\n51100 Reims\nFrance\n---",
        "street2": "KRÖMM GROUP,\n35 Rue Henri Besquerel,\n77500 CHELLES\nFrance",
        "city": "",
        "state": "",
        "state_code": "",
        "zip": "",
        "country": "",
        "country_code": "",
        "phone": "",
        "fax": ""
      },
      {
        "address_id": "126938000002221055",
        "attention": "",
        "address": "EUROVIA CHAMPAGNE ARDENNE _ REIMS\nParc Industriel\nRue de la Pompelle\n51100 REIMS\nFrance\n---",
        "street2": "KRÖMM GROUP\n35 Rue Henri Besquerel\n77500 CHELLES\nFrance",
        "city": "",
        "state": "",
        "state_code": "",
        "zip": "",
        "country": "",
        "country_code": "",
        "phone": "",
        "fax": ""
      },
      {
        "address_id": "126938000002242586",
        "attention": "EUROVIA CHAMPAGNE ARDENNE _ REIMS",
        "address": "Parc Industriel\nRue de la Pompelle\n51100 REIMS\nFrance",
        "street2": "",
        "city": "",
        "state": "",
        "state_code": "",
        "zip": "",
        "country": "",
        "country_code": "",
        "phone": "",
        "fax": ""
      },
      {
        "address_id": "126938000002462001",
        "attention": "DEVELOPP'SUN, DEPOT",
        "address": "LA VARENNE - RUE DES MESANGES",
        "street2": "",
        "city": "41160, Morée",
        "state": "",
        "state_code": "",
        "zip": "41160",
        "country": "France",
        "country_code": "FR",
        "phone": "",
        "fax": ""
      },
      {
        "address_id": "126938000003101061",
        "attention": "COLAS FRANCE BAS RHIN, URBASOLAR",
        "address": "Usine MOSOLF Logistics & Services",
        "street2": "",
        "city": "77971, KIPPENHEIM",
        "state": "",
        "state_code": "",
        "zip": "",
        "country": "Germany",
        "country_code": "DE",
        "phone": "",
        "fax": ""
      },
      {
        "address_id": "126938000003101257",
        "attention": "COLAS FRANCE REIMS",
        "address": "RUE MODESTE GOULET",
        "street2": "",
        "city": "51100 REIMS",
        "state": "",
        "state_code": "",
        "zip": "",
        "country": "France",
        "country_code": "FR",
        "phone": "",
        "fax": ""
      },
      {
        "address_id": "126938000003101376",
        "attention": "",
        "address": "1ви адрес на разтоварване\nCOLAS FRANCE BAS RHIN, URBASOLAR\nUsine MOSOLF Logistics & Services\n77971 KIPPENHEIM\nGERMANY\n---",
        "street2": "2ри адрес на разтоварване\nCOLAS FRANCE OSTWALD, Sebastien LEDIG\n47 RUE DE LILE DES PECHEURS\nBP 10014\n67540 OSTWALD\nFRANCE",
        "city": "",
        "state": "",
        "state_code": "",
        "zip": "",
        "country": "",
        "country_code": "",
        "phone": "",
        "fax": ""
      },
      {
        "address_id": "126938000003101463",
        "attention": "",
        "address": "COLAS FRANCE BAS RHIN, URBASOLAR\nUsine MOSOLF Logistics & Services\n77971 KIPPENHEIM\nGERMANY\n--------------------",
        "street2": "LD-Krömm\nZA du bec, Allée Saint Exupery\n42500 Le Chambon-Feugerolles\nFRANCE",
        "city": "",
        "state": "",
        "state_code": "",
        "zip": "",
        "country": "",
        "country_code": "",
        "phone": "",
        "fax": ""
      },
      {
        "address_id": "126938000003103163",
        "attention": "",
        "address": "COLAS FRANCE REIMS, BUSSY\nRUE JACQUELINE AURIOL\n51320, BUSSY LETTREE\nFrance\n-------------------------------",
        "street2": "LD-Krömm\nZA du bec, Allée Saint Exupery\n42500 Le Chambon-Feugerolles\nFRANCE",
        "city": "",
        "state": "",
        "state_code": "",
        "zip": "",
        "country": "",
        "country_code": "",
        "phone": "",
        "fax": ""
      },
      {
        "address_id": "126938000003151382",
        "attention": "",
        "address": "1ви разтоварен адрес: COLAS FRANCE BAS RHIN, URBASOLAR Usine MOSOLF Logistics & Services 77971 KIPPENHEIM GERMANY",
        "street2": "2ри разтоварен адрес: \nKRÖMM GROUP\nAllée de St Exupéry - ZA du Bec 1\nFR-42500 Le Chambon-Feugerolles",
        "city": "",
        "state": "",
        "state_code": "",
        "zip": "",
        "country": "",
        "country_code": "",
        "phone": "",
        "fax": ""
      },
      {
        "address_id": "126938000003213529",
        "attention": "",
        "address": "COLAS FRANCE REIMS, BUSSY\nRUE JACQUELINE AURIOL\n51320, BUSSY LETTREE\nFrance\n-------------------------------",
        "street2": "35 Rue Henri Besquerel \n77500 CHELLES \nFrance",
        "city": "",
        "state": "",
        "state_code": "",
        "zip": "",
        "country": "",
        "country_code": "",
        "phone": "",
        "fax": ""
      }
    ],
    "pricebook_id": "",
    "pricebook_name": "",
    "default_templates": {
      "statement_template_id": "",
      "statement_template_name": "",
      "invoice_template_id": "",
      "invoice_template_name": "",
      "bill_template_id": "",
      "bill_template_name": "",
      "estimate_template_id": "",
      "estimate_template_name": "",
      "creditnote_template_id": "",
      "creditnote_template_name": "",
      "purchaseorder_template_id": "",
      "purchaseorder_template_name": "",
      "salesorder_template_id": "",
      "salesorder_template_name": "",
      "paymentthankyou_template_id": "",
      "paymentthankyou_template_name": "",
      "invoice_email_template_id": "",
      "invoice_email_template_name": "",
      "estimate_email_template_id": "",
      "estimate_email_template_name": "",
      "creditnote_email_template_id": "",
      "creditnote_email_template_name": "",
      "purchaseorder_email_template_id": "",
      "purchaseorder_email_template_name": "",
      "salesorder_email_template_id": "",
      "salesorder_email_template_name": "",
      "paymentthankyou_email_template_id": "",
      "paymentthankyou_email_template_name": "",
      "payment_remittance_email_template_id": "",
      "payment_remittance_email_template_name": ""
    },
    "associated_with_square": false,
    "cards": [],
    "checks": [],
    "bank_accounts": [],
    "vpa_list": [],
    "notes": "",
    "created_time": "2020-08-03T11:54:37+0300",
    "created_date": "03.08.2020",
    "created_by_name": "Chavdar Dimitrov",
    "last_modified_time": "2025-05-15T07:59:37+0300",
    "tags": [],
    "zohopeople_client_id": "",
    "siret_number": "",
    "company_id": "",
    "label_for_company_id": "Company ID",
    "customer_currency_summaries": [
      {
        "currency_id": "126938000000000071",
        "currency_code": "EUR",
        "currency_symbol": "EUR",
        "price_precision": 2,
        "is_base_currency": true,
        "currency_name_formatted": "EUR- Euro",
        "outstanding_receivable_amount": 290989.15,
        "unused_credits_receivable_amount": 0.0
      }
    ],
    "approvers_list": [],
    "submitted_date": "",
    "submitted_by": "",
    "submitted_by_name": "",
    "submitted_by_email": "",
    "submitted_by_photo_url": "",
    "submitter_id": "",
    "approver_id": "",
    "integration_references": []
  }
}